id,customer_name,order_id,order_date,product,category,quantity,price,payment_method,status,total
100,Customer_100,Ord-41285,2024-11-22,Blender,Home,3.0,38.0,Cash On Delivery,Shipped,114.0
102,Customer_102,Ord-84355,2024-12-23,Tennis Racket,Sports,1.0,389.05,Paypal,Delivered,389.05
103,Customer_103,Ord-57811,2025-03-19,Science,Books,5.0,233.92,Paypal,Processing,1169.6
104,Customer_104,Ord-93614,2025-10-20,Biography,Books,1.0,552.51,Cash On Delivery,Processing,552.51
105,Customer_105,Ord-22442,2024-11-20,Tennis Racket,Sports,3.0,122.06,Cash On Delivery,Cancelled,366.18
107,Customer_107,Ord-89122,2025-01-03,Biography,Books,5.0,587.68,Paypal,Returned,2938.4
108,Customer_108,Ord-64400,2025-10-23,Science,Books,1.0,600.29,Cash On Delivery,Processing,600.29
109,Customer_109,Ord-18512,2025-05-03,Tennis Racket,Sports,5.0,168.34,Credit Card,Shipped,841.7
111,Customer_111,Ord-72349,2025-10-22,Comics,Books,2.0,865.77,Credit Card,Returned,1731.54
112,Customer_112,Ord-80867,2025-03-02,Shoes,Clothing,4.0,752.13,Bank Transfer,Delivered,3008.52
113,Customer_113,Ord-23994,2025-07-24,Fiction,Books,1.0,411.81,Credit Card,Processing,411.81
114,Customer_114,Ord-77417,,Smartphone,Electronics,2.0,413.13,Cash On Delivery,Shipped,826.26
115,Customer_115,Ord-72778,2025-01-10,Fiction,Books,2.0,796.84,Cash On Delivery,Returned,1115.576
117,Customer_117,Ord-72751,2025-02-12,Blender,Electronic,2.0,10000.0,Cash On Delivery,Processing,-20000.0
118,Customer_118,Ord-96061,2025-05-31,Science,Books,5.0,247.82,Paypal,Processing,1239.1
119,Customer_119,Ord-76016,2024-12-19,Basketball,Sports,4.0,438.19,Cash On Delivery,Processing,1752.76
120,Customer_120,Ord-14659,2025-06-13,Yoga Mat,Electronics,5.0,300.0,Credit Card,Cancelled,
121,Customer_121,Ord-80067,2025-10-11,Basketball,Sports,4.0,523.01,Credit Card,Delivered,2092.04
122,Customer_122,Ord-21443,2025-05-16,Microwave,Home,2.0,556.93,Paypal,Shipped,1113.86
123,Customer_123,Ord-11314,2025-10-06,Vacuum,Electronic,3.0,615.91,Cash On Delivery,Cancelled,1847.73
125,Customer_125,Ord-23202,2025-02-09,Comics,Books,4.0,765.69,Paypal,Shipped,3062.76
126,Customer_126,Ord-11261,2025-05-18,Shoes,Clothing,4.0,836.8,Bank Transfer,Cancelled,3347.2
127,Customer_127,Ord-65482,2025-05-12,Blender,Home,5.0,336.02,Bank Transfer,Returned,1680.1
128,Customer_128,Ord-12270,2024-11-10,Lamp,Electronics,3.0,898.69,Bank Transfer,Delivered,2696.07
129,Customer_129,Ord-48863,2025-06-22,Science,Books,4.0,736.71,Bank Transfer,Returned,2946.84
131,Customer_131,Ord-91396,2025-06-11,Lamp,Home,5.0,616.63,Paypal,Shipped,3083.15
132,Customer_132,Ord-40186,2025-04-02,Yoga Mat,Electronics,1.0,266.7,Paypal,Delivered,266.7
133,Customer_133,Ord-68182,2024-12-05,Biography,,5.0,343.24,Credit Card,Shipped,1716.2
134,Customer_134,Ord-16585,2025-10-04,T-Shirt,Clothing,5.0,591.53,Paypal,Shipped,-2957.65
135,Customer_135,Ord-33656,2025-02-09,Smartwatch,Electronics,4.0,446.19,Cash On Delivery,Cancelled,1784.76
136,Customer_136,Ord-20985,2025-06-12,Headphones,,1.0,696.71,Credit Card,Delivered,696.71
137,Customer_137,Ord-91254,2025-02-23,Vacuum,Home,3.0,100.0,Cash On Delivery,Delivered,-300.0
138,Customer_138,Ord-34319,2025-08-09,Lamp,Home,1.0,531.06,Paypal,Processing,531.06
139,Customer_139,Ord-38418,2025-02-09,Smartphone,Electronics,2.0,681.38,Credit Card,Cancelled,1362.76
140,Customer_140,Ord-67096,2025-02-26,Fiction,Books,4.0,588.98,Credit Card,Returned,2355.92
141,Customer_141,Ord-45059,2025-02-13,Fiction,Books,3.0,546.04,Cash On Delivery,Returned,1638.12
142,Customer_142,Ord-69018,2025-10-30,Shoes,Clothing,5.0,645.26,Credit Card,Shipped,2258.41
143,Customer_143,Ord-14329,2025-07-11,T-Shirt,Clothing,5.0,826.77,Bank Transfer,Cancelled,4133.85
144,Customer_144,Ord-89452,2025-01-27,Football,Sports,5.0,849.07,Bank Transfer,Processing,4245.35
145,Customer_145,Ord-75314,2023-05-01,Laptop,Electronics,2.0,860.99,Bank Transfer,Returned,1721.98
146,Customer_146,Ord-32755,2025-07-09,Basketball,Electronic,2.0,705.42,Bank Transfer,Processing,1410.84
147,Customer_147,Ord-80707,2025-05-01,Jacket,Clothing,4.0,596.15,Cash On Delivery,Shipped,2384.6
148,Customer_148,Ord-38423,2025-03-13,Tennis Racket,Sports,1.0,660.98,Cash On Delivery,Returned,660.98
149,Customer_149,Ord-95911,2025-06-29,Comics,Books,5.0,896.38,Bank Transfer,Cancelled,4481.9
150,Customer_150,Ord-76902,2024-11-27,Yoga Mat,Sports,1.0,206.19,Credit Card,Returned,206.19
151,Customer_151,Ord-56552,2025-07-01,Comics,Books,2.0,457.16,Paypal,Processing,640.024
152,Customer_152,Ord-72869,2025-09-22,Lamp,Home,3.0,233.11,Paypal,Returned,699.33
153,Customer_153,Ord-29721,2025-07-16,Yoga Mat,Sports,4.0,278.9,Cash On Delivery,Processing,1115.6
154,Customer_154,Ord-95990,2025-02-21,Blender,Home,5.0,789.64,Cash On Delivery,Cancelled,3948.2
155,Customer_155,Ord-20182,2025-05-01,Shoes,Clothing,1.0,40.95,Paypal,Returned,40.95
157,Customer_157,Ord-34407,2025-11-06,Jacket,Clothing,4.0,275.1,Bank Transfer,Processing,1100.4
158,Customer_158,Ord-35817,2025-04-05,Smartwatch,Electronics,1.0,933.58,Cash On Delivery,Shipped,933.58
159,Customer_159,Ord-98162,2025-07-28,Microwave,Home,3.0,163.16,Paypal,Shipped,489.48
160,Customer_160,Ord-96037,2025-01-03,Science,Books,5.0,242.52,Cash On Delivery,Returned,1212.6
161,Customer_161,Ord-27653,2024-12-15,Science,Books,4.0,209.32,Bank Transfer,Shipped,837.28
162,Customer_162,Ord-27743,2025-05-19,Blender,Home,2.0,155.76,Credit Card,Returned,311.52
163,Customer_163,Ord-24378,2023-01-05,Smartwatch,Electronics,3.0,235.26,Cash On Delivery,Shipped,705.78
165,Customer_165,Ord-55695,2024-11-08,Shoes,Clothing,2.0,443.13,Credit Card,Delivered,886.26
166,Customer_166,Ord-97756,2025-07-03,T-Shirt,Electronics,2.0,569.38,Cash On Delivery,Shipped,1138.76
168,Customer_168,Ord-53430,2025-11-04,Biography,Books,2.0,141.49,Paypal,Cancelled,282.98
169,Customer_169,Ord-75539,2025-08-12,Basketball,Sports,1.0,582.13,Credit Card,Returned,582.13
170,Customer_170,Ord-21530,2025-10-03,Jeans,Clothing,5.0,741.63,Bank Transfer,Processing,3708.15
171,Customer_171,Ord-99790,2024-12-06,Shoes,Clothing,3.0,688.68,Paypal,Processing,2066.04
172,Customer_172,Ord-48008,2024-11-18,Comics,Books,2.0,942.76,Bank Transfer,Returned,1885.52
173,Customer_173,Ord-42171,2025-10-11,Lamp,Home,5.0,351.89,Credit Card,Shipped,1759.45
174,Customer_174,Ord-16766,2025-09-20,Microwave,Electronics,4.0,187.48,Credit Card,Returned,749.92
175,Customer_175,Ord-56651,2025-02-24,Headphones,Electronics,1.0,111.36,Credit Card,Processing,111.36
176,Customer_176,Ord-95794,2025-07-22,Comics,Books,5.0,530.52,Cash On Delivery,Shipped,2652.6
177,Customer_177,Ord-64136,2025-07-28,Laptop,Electronics,1.0,69.48,Bank Transfer,Returned,69.48
178,Customer_178,Ord-89906,2025-09-18,Tennis Racket,Sports,3.0,472.14,Paypal,Returned,1416.42
179,Customer_179,Ord-99328,2025-09-03,Yoga Mat,Sports,3.0,868.67,Paypal,Delivered,2606.01
180,Customer_180,Ord-86629,2025-03-26,Laptop,,2.0,418.38,Credit Card,Processing,836.76
181,Customer_181,Ord-54481,2024-12-29,Smartphone,,1.0,266.48,Cash On Delivery,Cancelled,266.48
182,Customer_182,Ord-79672,2025-08-03,Shoes,,4.0,538.35,Paypal,Processing,2153.4
184,Customer_184,Ord-67799,2025-02-15,Jeans,,4.0,101.19,Bank Transfer,Processing,404.76
185,Customer_185,Ord-57123,2025-08-14,Football,Sports,2.0,730.92,Cash On Delivery,Cancelled,1023.288
186,Customer_186,Ord-90569,2025-10-06,Laptop,Electronics,1.0,365.34,Bank Transfer,Delivered,365.34
187,Customer_187,Ord-41292,2024-11-19,Smartphone,Electronics,3.0,882.96,Bank Transfer,Returned,2648.88
188,Customer_188,Ord-58590,2024-11-19,Microwave,Home,5.0,504.05,Cash On Delivery,Shipped,2520.25
189,Customer_189,Ord-30627,2025-08-14,Lamp,Home,1.0,814.68,Cash On Delivery,Returned,814.68
190,Customer_190,Ord-38469,2025-06-29,Vacuum,Home,1.0,920.37,Bank Transfer,Processing,920.37
191,Customer_191,Ord-41810,2025-07-18,Fiction,Books,2.0,881.02,Cash On Delivery,Returned,1762.04
192,Customer_192,Ord-35144,,Jacket,Clothing,4.0,203.63,Credit Card,Returned,
194,Customer_194,Ord-69764,2025-02-10,Lamp,Home,5.0,944.54,Cash On Delivery,Returned,4722.7
195,Customer_195,Ord-82876,2025-06-19,Biography,Books,5.0,817.46,Cash On Delivery,Returned,4087.3
197,Customer_197,Ord-79139,2025-06-23,Blender,Home,1.0,160.16,Paypal,Cancelled,160.16
198,Customer_198,Ord-14608,2025-07-27,Vacuum,,2.0,497.01,Cash On Delivery,Shipped,994.02
199,Customer_199,Ord-82922,2025-01-22,Blender,Home,5.0,372.28,Credit Card,Shipped,1861.4
175,Customer_175,Ord-56651,2025-02-24,Headphones,Electronics,1.0,111.36,Credit Card,Processing,77.952
142,Customer_142,Ord-69018,2025-10-30,Shoes,Clothing,5.0,645.26,Credit Card,Shipped,3226.3
